Material_ID,Cp1_residual,Cp2_residual
1,0.5909439999995811,-1.255510999999501
2,0.5909439999995811,-1.255510999999501
3,0.5909439999995811,-1.255510999999501
4,0.5909439999995811,-1.255510999999501
5,0.5909439999995811,-1.255510999999501
6,0.5909439999995811,-1.255510999999501
7,0.5909439999995811,-1.255510999999501
8,0.5909439999995811,-1.255510999999501
9,0.5909439999995811,-1.255510999999501
10,0.5909439999995811,-1.255510999999501
11,-4.753274999999121,-5.774709999999573
12,-4.753274999999121,-5.774709999999573
13,-4.753274999999121,-5.774709999999573
14,-4.753274999999121,-5.774709999999573
15,-4.753274999999121,-5.774709999999573
16,-4.753274999999121,-5.774709999999573
17,-4.753274999999121,-5.774709999999573
18,-4.753274999999121,-5.774709999999573
19,-4.753274999999121,-5.774709999999573
20,-4.753274999999121,-5.774709999999573
21,21.90355499999987,-13.881361000000084
22,21.90355499999987,-13.881361000000084
23,21.90355499999987,-13.881361000000084
24,21.90355499999987,-13.881361000000084
25,21.90355499999987,-13.881361000000084
26,21.90355499999987,-13.881361000000084
27,21.90355499999987,-13.881361000000084
28,21.90355499999987,-13.881361000000084
29,21.90355499999987,-13.881361000000084
30,21.90355499999987,-13.881361000000084
31,-10.738770999999588,-20.28578300000038
32,-10.738770999999588,-20.28578300000038
33,-10.738770999999588,-20.28578300000038
34,-10.738770999999588,-20.28578300000038
35,-10.738770999999588,-20.28578300000038
36,-10.738770999999588,-20.28578300000038
37,-10.738770999999588,-20.28578300000038
38,-10.738770999999588,-20.28578300000038
39,-10.738770999999588,-20.28578300000038
40,-10.738770999999588,-20.28578300000038
41,-0.7757120000004534,-3.8096210000005613
42,-0.7757120000004534,-3.8096210000005613
43,-0.7757120000004534,-3.8096210000005613
44,-0.7757120000004534,-3.8096210000005613
45,-0.7757120000004534,-3.8096210000005613
46,-0.7757120000004534,-3.8096210000005613
47,-0.7757120000004534,-3.8096210000005613
48,-0.7757120000004534,-3.8096210000005613
49,-0.7757120000004534,-3.8096210000005613
50,-0.7757120000004534,-3.8096210000005613
51,-81.72153799999978,2.326475999999616
52,-81.72153799999978,2.326475999999616
53,-81.72153799999978,2.326475999999616
54,-81.72153799999978,2.326475999999616
55,-81.72153799999978,2.326475999999616
56,-81.72153799999978,2.326475999999616
57,-81.72153799999978,2.326475999999616
58,-81.72153799999978,2.326475999999616
59,-81.72153799999978,2.326475999999616
60,-81.72153799999978,2.326475999999616
61,8.473335000001043,-31.194270000000188
62,8.473335000001043,-31.194270000000188
63,8.473335000001043,-31.194270000000188
64,8.473335000001043,-31.194270000000188
65,8.473335000001043,-31.194270000000188
66,8.473335000001043,-31.194270000000188
67,8.473335000001043,-31.194270000000188
68,8.473335000001043,-31.194270000000188
69,8.473335000001043,-31.194270000000188
70,8.473335000001043,-31.194270000000188
71,29.861286999999265,-31.57362800000044
72,29.861286999999265,-31.57362800000044
73,29.861286999999265,-31.57362800000044
74,29.861286999999265,-31.57362800000044
75,29.861286999999265,-31.57362800000044
76,29.861286999999265,-31.57362800000044
77,29.861286999999265,-31.57362800000044
78,29.861286999999265,-31.57362800000044
79,29.861286999999265,-31.57362800000044
80,29.861286999999265,-31.57362800000044
81,18.457092000000614,6.20955000000032
82,18.457092000000614,6.20955000000032
83,18.457092000000614,6.20955000000032
84,18.457092000000614,6.20955000000032
85,18.457092000000614,6.20955000000032
86,18.457092000000614,6.20955000000032
87,18.457092000000614,6.20955000000032
88,18.457092000000614,6.20955000000032
89,18.457092000000614,6.20955000000032
90,18.457092000000614,6.20955000000032
91,6.283917000000656,3.8670790000001602
92,6.283917000000656,3.8670790000001602
93,6.283917000000656,3.8670790000001602
94,6.283917000000656,3.8670790000001602
95,6.283917000000656,3.8670790000001602
96,6.283917000000656,3.8670790000001602
97,6.283917000000656,3.8670790000001602
98,6.283917000000656,3.8670790000001602
99,6.283917000000656,3.8670790000001602
100,6.283917000000656,3.8670790000001602
101,10.049410999999282,-2.8589699999996014
102,10.049410999999282,-2.8589699999996014
103,10.049410999999282,-2.8589699999996014
104,10.049410999999282,-2.8589699999996014
105,10.049410999999282,-2.8589699999996014
106,10.049410999999282,-2.8589699999996014
107,10.049410999999282,-2.8589699999996014
108,10.049410999999282,-2.8589699999996014
109,10.049410999999282,-2.8589699999996014
110,10.049410999999282,-2.8589699999996014
111,-47.9580049999995,-0.5266980000006924
112,-47.9580049999995,-0.5266980000006924
113,-47.9580049999995,-0.5266980000006924
114,-47.9580049999995,-0.5266980000006924
115,-47.9580049999995,-0.5266980000006924
116,-47.9580049999995,-0.5266980000006924
117,-47.9580049999995,-0.5266980000006924
118,-47.9580049999995,-0.5266980000006924
119,-47.9580049999995,-0.5266980000006924
120,-47.9580049999995,-0.5266980000006924
121,-28.24590100000114,-7.9950249999996
122,-28.24590100000114,-7.9950249999996
123,-28.24590100000114,-7.9950249999996
124,-28.24590100000114,-7.9950249999996
125,-28.24590100000114,-7.9950249999996
126,-28.24590100000114,-7.9950249999996
127,-28.24590100000114,-7.9950249999996
128,-28.24590100000114,-7.9950249999996
129,-28.24590100000114,-7.9950249999996
130,-28.24590100000114,-7.9950249999996
131,-30.565268999997215,7.170739000000367
132,-30.565268999997215,7.170739000000367
133,-30.565268999997215,7.170739000000367
134,-30.565268999997215,7.170739000000367
135,-30.565268999997215,7.170739000000367
136,-30.565268999997215,7.170739000000367
137,-30.565268999997215,7.170739000000367
138,-30.565268999997215,7.170739000000367
139,-30.565268999997215,7.170739000000367
140,-30.565268999997215,7.170739000000367
141,-190.98797899999727,-26.915772999998808
142,-190.98797899999727,-26.915772999998808
143,-190.98797899999727,-26.915772999998808
144,-190.98797899999727,-26.915772999998808
145,-190.98797899999727,-26.915772999998808
146,-190.98797899999727,-26.915772999998808
147,-190.98797899999727,-26.915772999998808
148,-190.98797899999727,-26.915772999998808
149,-190.98797899999727,-26.915772999998808
150,-190.98797899999727,-26.915772999998808
151,0.3032270000001347,-1.0065260000000649
152,0.3032270000001347,-1.0065260000000649
153,0.3032270000001347,-1.0065260000000649
154,0.3032270000001347,-1.0065260000000649
155,0.3032270000001347,-1.0065260000000649
156,0.3032270000001347,-1.0065260000000649
157,0.3032270000001347,-1.0065260000000649
158,0.3032270000001347,-1.0065260000000649
159,0.3032270000001347,-1.0065260000000649
160,0.3032270000001347,-1.0065260000000649
161,-1.0545039999999233,0.07483500000003573
162,-1.0545039999999233,0.07483500000003573
163,-1.0545039999999233,0.07483500000003573
164,-1.0545039999999233,0.07483500000003573
165,-1.0545039999999233,0.07483500000003573
166,-1.0545039999999233,0.07483500000003573
167,-1.0545039999999233,0.07483500000003573
168,-1.0545039999999233,0.07483500000003573
169,-1.0545039999999233,0.07483500000003573
170,-1.0545039999999233,0.07483500000003573
171,-4.814785999999856,-0.5803189999999177
172,-4.814785999999856,-0.5803189999999177
173,-4.814785999999856,-0.5803189999999177
174,-4.814785999999856,-0.5803189999999177
175,-4.814785999999856,-0.5803189999999177
176,-4.814785999999856,-0.5803189999999177
177,-4.814785999999856,-0.5803189999999177
178,-4.814785999999856,-0.5803189999999177
179,-4.814785999999856,-0.5803189999999177
180,-4.814785999999856,-0.5803189999999177
181,-5.9776399999998375,-0.787836000000226
182,-5.9776399999998375,-0.787836000000226
183,-5.9776399999998375,-0.787836000000226
184,-5.9776399999998375,-0.787836000000226
185,-5.9776399999998375,-0.787836000000226
186,-5.9776399999998375,-0.787836000000226
187,-5.9776399999998375,-0.787836000000226
188,-5.9776399999998375,-0.787836000000226
189,-5.9776399999998375,-0.787836000000226
190,-5.9776399999998375,-0.787836000000226
191,-1.575944000000277,-1.056860999999742
192,-1.575944000000277,-1.056860999999742
193,-1.575944000000277,-1.056860999999742
194,-1.575944000000277,-1.056860999999742
195,-1.575944000000277,-1.056860999999742
196,-1.575944000000277,-1.056860999999742
197,-1.575944000000277,-1.056860999999742
198,-1.575944000000277,-1.056860999999742
199,-1.575944000000277,-1.056860999999742
200,-1.575944000000277,-1.056860999999742
201,1.6780060000003516,0.00036600000004227695
202,1.6780060000003516,0.00036600000004227695
203,1.6780060000003516,0.00036600000004227695
204,1.6780060000003516,0.00036600000004227695
205,1.6780060000003516,0.00036600000004227695
206,1.6780060000003516,0.00036600000004227695
207,1.6780060000003516,0.00036600000004227695
208,1.6780060000003516,0.00036600000004227695
1,1.6780060000003516,0.00036600000004227695
2,1.6780060000003516,0.00036600000004227695
3,0.30694999999991524,-1.9587469999998177
4,0.30694999999991524,-1.9587469999998177
5,0.30694999999991524,-1.9587469999998177
6,0.30694999999991524,-1.9587469999998177
7,0.30694999999991524,-1.9587469999998177
8,0.30694999999991524,-1.9587469999998177
9,0.30694999999991524,-1.9587469999998177
10,0.30694999999991524,-1.9587469999998177
11,0.30694999999991524,-1.9587469999998177
12,0.30694999999991524,-1.9587469999998177
13,-1.474064999999655,-0.9607159999998203
14,-1.474064999999655,-0.9607159999998203
15,-1.474064999999655,-0.9607159999998203
16,-1.474064999999655,-0.9607159999998203
17,-1.474064999999655,-0.9607159999998203
18,-1.474064999999655,-0.9607159999998203
19,-1.474064999999655,-0.9607159999998203
20,-1.474064999999655,-0.9607159999998203
21,-1.474064999999655,-0.9607159999998203
22,-1.474064999999655,-0.9607159999998203
23,-3.008649000000048,0.5146809999997686
24,-3.008649000000048,0.5146809999997686
25,-3.008649000000048,0.5146809999997686
26,-3.008649000000048,0.5146809999997686
27,-3.008649000000048,0.5146809999997686
28,-3.008649000000048,0.5146809999997686
29,-3.008649000000048,0.5146809999997686
30,-3.008649000000048,0.5146809999997686
31,-3.008649000000048,0.5146809999997686
32,-3.008649000000048,0.5146809999997686
33,-4.1459949999998,-0.7807280000005221
34,-4.1459949999998,-0.7807280000005221
35,-4.1459949999998,-0.7807280000005221
36,-4.1459949999998,-0.7807280000005221
37,-4.1459949999998,-0.7807280000005221
38,-4.1459949999998,-0.7807280000005221
39,-4.1459949999998,-0.7807280000005221
40,-4.1459949999998,-0.7807280000005221
41,-4.1459949999998,-0.7807280000005221
42,-4.1459949999998,-0.7807280000005221
43,-2.5036629999995057,-0.8382160000000454
44,-2.5036629999995057,-0.8382160000000454
45,-2.5036629999995057,-0.8382160000000454
46,-2.5036629999995057,-0.8382160000000454
47,-2.5036629999995057,-0.8382160000000454
48,-2.5036629999995057,-0.8382160000000454
49,-2.5036629999995057,-0.8382160000000454
50,-2.5036629999995057,-0.8382160000000454
51,-2.5036629999995057,-0.8382160000000454
52,-2.5036629999995057,-0.8382160000000454
53,-8.467704999999683,-5.931131999999593
54,-8.467704999999683,-5.931131999999593
55,-8.467704999999683,-5.931131999999593
56,-8.467704999999683,-5.931131999999593
57,-8.467704999999683,-5.931131999999593
58,-8.467704999999683,-5.931131999999593
59,-8.467704999999683,-5.931131999999593
60,-8.467704999999683,-5.931131999999593
61,-8.467704999999683,-5.931131999999593
62,-8.467704999999683,-5.931131999999593
63,-8.311817000000076,-3.5684899999994855
64,-8.311817000000076,-3.5684899999994855
65,-8.311817000000076,-3.5684899999994855
66,-8.311817000000076,-3.5684899999994855
67,-8.311817000000076,-3.5684899999994855
68,-8.311817000000076,-3.5684899999994855
69,-8.311817000000076,-3.5684899999994855
70,-8.311817000000076,-3.5684899999994855
71,-8.311817000000076,-3.5684899999994855
72,-8.311817000000076,-3.5684899999994855
73,-6.000579000000982,-1.3019280000000322
74,-6.000579000000982,-1.3019280000000322
75,-6.000579000000982,-1.3019280000000322
76,-6.000579000000982,-1.3019280000000322
77,-6.000579000000982,-1.3019280000000322
78,-6.000579000000982,-1.3019280000000322
79,-6.000579000000982,-1.3019280000000322
80,-6.000579000000982,-1.3019280000000322
81,-6.000579000000982,-1.3019280000000322
82,-6.000579000000982,-1.3019280000000322
83,-7.218632999999727,-7.097045000000207
84,-7.218632999999727,-7.097045000000207
85,-7.218632999999727,-7.097045000000207
86,-7.218632999999727,-7.097045000000207
87,-7.218632999999727,-7.097045000000207
88,-7.218632999999727,-7.097045000000207
89,-7.218632999999727,-7.097045000000207
90,-7.218632999999727,-7.097045000000207
91,-7.218632999999727,-7.097045000000207
92,-7.218632999999727,-7.097045000000207
93,-8.071060000000216,-1.9502859999995508
94,-8.071060000000216,-1.9502859999995508
95,-8.071060000000216,-1.9502859999995508
96,-8.071060000000216,-1.9502859999995508
97,-8.071060000000216,-1.9502859999995508
98,-8.071060000000216,-1.9502859999995508
99,-8.071060000000216,-1.9502859999995508
100,-8.071060000000216,-1.9502859999995508
101,-8.071060000000216,-1.9502859999995508
102,-8.071060000000216,-1.9502859999995508
103,-29.022990000000846,-26.516480000000456
104,-29.022990000000846,-26.516480000000456
105,-29.022990000000846,-26.516480000000456
106,-29.022990000000846,-26.516480000000456
107,-29.022990000000846,-26.516480000000456
108,-29.022990000000846,-26.516480000000456
109,-29.022990000000846,-26.516480000000456
110,-29.022990000000846,-26.516480000000456
111,-29.022990000000846,-26.516480000000456
112,-29.022990000000846,-26.516480000000456
113,-4.1459949999998,-0.7807280000005221
114,-4.1459949999998,-0.7807280000005221
115,-4.1459949999998,-0.7807280000005221
116,-4.1459949999998,-0.7807280000005221
117,-4.1459949999998,-0.7807280000005221
118,-4.1459949999998,-0.7807280000005221
119,-4.1459949999998,-0.7807280000005221
120,-4.1459949999998,-0.7807280000005221
121,-4.1459949999998,-0.7807280000005221
122,-4.1459949999998,-0.7807280000005221
123,-2.5036629999995057,-0.8382160000000454
124,-2.5036629999995057,-0.8382160000000454
125,-2.5036629999995057,-0.8382160000000454
126,-2.5036629999995057,-0.8382160000000454
127,-2.5036629999995057,-0.8382160000000454
128,-2.5036629999995057,-0.8382160000000454
129,-2.5036629999995057,-0.8382160000000454
130,-2.5036629999995057,-0.8382160000000454
131,-2.5036629999995057,-0.8382160000000454
132,-2.5036629999995057,-0.8382160000000454
133,-0.9735109999998031,-1.102415999999721
134,-0.9735109999998031,-1.102415999999721
135,-0.9735109999998031,-1.102415999999721
136,-0.9735109999998031,-1.102415999999721
137,-0.9735109999998031,-1.102415999999721
138,-0.9735109999998031,-1.102415999999721
139,-0.9735109999998031,-1.102415999999721
140,-0.9735109999998031,-1.102415999999721
141,-0.9735109999998031,-1.102415999999721
142,-0.9735109999998031,-1.102415999999721
143,-2.175707000000898,-0.35261099999951284
144,-2.175707000000898,-0.35261099999951284
145,-2.175707000000898,-0.35261099999951284
146,-2.175707000000898,-0.35261099999951284
147,-2.175707000000898,-0.35261099999951284
148,-2.175707000000898,-0.35261099999951284
149,-2.175707000000898,-0.35261099999951284
150,-2.175707000000898,-0.35261099999951284
151,-2.175707000000898,-0.35261099999951284
152,-2.175707000000898,-0.35261099999951284
153,-1.0442940000006615,1.8664229999998838
154,-1.0442940000006615,1.8664229999998838
155,-1.0442940000006615,1.8664229999998838
156,-1.0442940000006615,1.8664229999998838
157,-1.0442940000006615,1.8664229999998838
158,-1.0442940000006615,1.8664229999998838
159,-1.0442940000006615,1.8664229999998838
160,-1.0442940000006615,1.8664229999998838
161,-1.0442940000006615,1.8664229999998838
162,-1.0442940000006615,1.8664229999998838
163,-2.4770930000001954,0.43596100000030447
164,-2.4770930000001954,0.43596100000030447
165,-2.4770930000001954,0.43596100000030447
166,-2.4770930000001954,0.43596100000030447
167,-2.4770930000001954,0.43596100000030447
168,-2.4770930000001954,0.43596100000030447
169,-2.4770930000001954,0.43596100000030447
170,-2.4770930000001954,0.43596100000030447
171,-2.4770930000001954,0.43596100000030447
172,-2.4770930000001954,0.43596100000030447
173,-15.445510000000013,-9.997151999999687
174,-15.445510000000013,-9.997151999999687
175,-15.445510000000013,-9.997151999999687
176,-15.445510000000013,-9.997151999999687
177,-15.445510000000013,-9.997151999999687
178,-15.445510000000013,-9.997151999999687
179,-15.445510000000013,-9.997151999999687
180,-15.445510000000013,-9.997151999999687
181,-15.445510000000013,-9.997151999999687
182,-15.445510000000013,-9.997151999999687
183,-9.911137999999937,-6.7906509999997695
184,-9.911137999999937,-6.7906509999997695
185,-9.911137999999937,-6.7906509999997695
186,-9.911137999999937,-6.7906509999997695
187,-9.911137999999937,-6.7906509999997695
188,-9.911137999999937,-6.7906509999997695
189,-9.911137999999937,-6.7906509999997695
190,-9.911137999999937,-6.7906509999997695
191,-9.911137999999937,-6.7906509999997695
192,-9.911137999999937,-6.7906509999997695
193,5.545114100000077,1.9022772999999518
194,5.545114100000077,1.9022772999999518
195,5.545114100000077,1.9022772999999518
196,5.545114100000077,1.9022772999999518
197,5.545114100000077,1.9022772999999518
198,5.545114100000077,1.9022772999999518
199,5.545114100000077,1.9022772999999518
200,5.545114100000077,1.9022772999999518
201,5.545114100000077,1.9022772999999518
202,5.545114100000077,1.9022772999999518
203,-3.0822659000000954,-3.0430404999998757
204,-3.0822659000000954,-3.0430404999998757
205,-3.0822659000000954,-3.0430404999998757
206,-3.0822659000000954,-3.0430404999998757
207,-3.0822659000000954,-3.0430404999998757
208,-3.0822659000000954,-3.0430404999998757
1,-3.0822659000000954,-3.0430404999998757
2,-3.0822659000000954,-3.0430404999998757
3,-3.0822659000000954,-3.0430404999998757
4,-3.0822659000000954,-3.0430404999998757
5,-4.96801499999998,-2.333185999999813
6,-4.96801499999998,-2.333185999999813
7,-4.96801499999998,-2.333185999999813
8,-4.96801499999998,-2.333185999999813
9,-4.96801499999998,-2.333185999999813
10,-4.96801499999998,-2.333185999999813
11,-4.96801499999998,-2.333185999999813
12,-4.96801499999998,-2.333185999999813
13,-4.96801499999998,-2.333185999999813
14,-4.96801499999998,-2.333185999999813
15,-2.3663299999998912,-1.8071940000002655
16,-2.3663299999998912,-1.8071940000002655
17,-2.3663299999998912,-1.8071940000002655
18,-2.3663299999998912,-1.8071940000002655
19,-2.3663299999998912,-1.8071940000002655
20,-2.3663299999998912,-1.8071940000002655
21,-2.3663299999998912,-1.8071940000002655
22,-2.3663299999998912,-1.8071940000002655
23,-2.3663299999998912,-1.8071940000002655
24,-2.3663299999998912,-1.8071940000002655
25,-0.08087199999997097,-0.7515599999997562
26,-0.08087199999997097,-0.7515599999997562
27,-0.08087199999997097,-0.7515599999997562
28,-0.08087199999997097,-0.7515599999997562
29,-0.08087199999997097,-0.7515599999997562
30,-0.08087199999997097,-0.7515599999997562
31,-0.08087199999997097,-0.7515599999997562
32,-0.08087199999997097,-0.7515599999997562
33,-0.08087199999997097,-0.7515599999997562
34,-0.08087199999997097,-0.7515599999997562
35,-0.5537620000001198,-1.6591939999997294
36,-0.5537620000001198,-1.6591939999997294
37,-0.5537620000001198,-1.6591939999997294
38,-0.5537620000001198,-1.6591939999997294
39,-0.5537620000001198,-1.6591939999997294
40,-0.5537620000001198,-1.6591939999997294
41,-0.5537620000001198,-1.6591939999997294
42,-0.5537620000001198,-1.6591939999997294
43,-0.5537620000001198,-1.6591939999997294
44,-0.5537620000001198,-1.6591939999997294
45,-1.9515400000003638,-1.2481189999999742
46,-1.9515400000003638,-1.2481189999999742
47,-1.9515400000003638,-1.2481189999999742
48,-1.9515400000003638,-1.2481189999999742
49,-1.9515400000003638,-1.2481189999999742
50,-1.9515400000003638,-1.2481189999999742
51,-1.9515400000003638,-1.2481189999999742
52,-1.9515400000003638,-1.2481189999999742
53,-1.9515400000003638,-1.2481189999999742
54,-1.9515400000003638,-1.2481189999999742
55,0.4613120000004187,-1.6335699999999065
56,0.4613120000004187,-1.6335699999999065
57,0.4613120000004187,-1.6335699999999065
58,0.4613120000004187,-1.6335699999999065
59,0.4613120000004187,-1.6335699999999065
60,0.4613120000004187,-1.6335699999999065
61,0.4613120000004187,-1.6335699999999065
62,0.4613120000004187,-1.6335699999999065
63,0.4613120000004187,-1.6335699999999065
64,0.4613120000004187,-1.6335699999999065
65,-5.552057999999931,-3.0908830000002467
66,-5.552057999999931,-3.0908830000002467
67,-5.552057999999931,-3.0908830000002467
68,-5.552057999999931,-3.0908830000002467
69,-5.552057999999931,-3.0908830000002467
70,-5.552057999999931,-3.0908830000002467
71,-5.552057999999931,-3.0908830000002467
72,-5.552057999999931,-3.0908830000002467
73,-5.552057999999931,-3.0908830000002467
74,-5.552057999999931,-3.0908830000002467
75,-2.674692700000108,-0.15742660000000797
76,-2.674692700000108,-0.15742660000000797
77,-2.674692700000108,-0.15742660000000797
78,-2.674692700000108,-0.15742660000000797
79,-2.674692700000108,-0.15742660000000797
80,-2.674692700000108,-0.15742660000000797
81,-2.674692700000108,-0.15742660000000797
82,-2.674692700000108,-0.15742660000000797
83,-2.674692700000108,-0.15742660000000797
84,-2.674692700000108,-0.15742660000000797
85,-2.0678268000001054,-2.465458400000003
86,-2.0678268000001054,-2.465458400000003
87,-2.0678268000001054,-2.465458400000003
88,-2.0678268000001054,-2.465458400000003
89,-2.0678268000001054,-2.465458400000003
90,-2.0678268000001054,-2.465458400000003
91,-2.0678268000001054,-2.465458400000003
92,-2.0678268000001054,-2.465458400000003
93,-2.0678268000001054,-2.465458400000003
94,-2.0678268000001054,-2.465458400000003
95,1.1338260000000275,1.6884330000002876
96,1.1338260000000275,1.6884330000002876
97,1.1338260000000275,1.6884330000002876
98,1.1338260000000275,1.6884330000002876
99,1.1338260000000275,1.6884330000002876
100,1.1338260000000275,1.6884330000002876
101,1.1338260000000275,1.6884330000002876
102,1.1338260000000275,1.6884330000002876
103,1.1338260000000275,1.6884330000002876
104,1.1338260000000275,1.6884330000002876
105,1.9311660000000188,-2.6605290000001673
106,1.9311660000000188,-2.6605290000001673
107,1.9311660000000188,-2.6605290000001673
108,1.9311660000000188,-2.6605290000001673
109,1.9311660000000188,-2.6605290000001673
110,1.9311660000000188,-2.6605290000001673
111,1.9311660000000188,-2.6605290000001673
112,1.9311660000000188,-2.6605290000001673
113,1.9311660000000188,-2.6605290000001673
114,1.9311660000000188,-2.6605290000001673
115,4.562059000000261,-1.582830999999942
116,4.562059000000261,-1.582830999999942
117,4.562059000000261,-1.582830999999942
118,4.562059000000261,-1.582830999999942
119,4.562059000000261,-1.582830999999942
120,4.562059000000261,-1.582830999999942
121,4.562059000000261,-1.582830999999942
122,4.562059000000261,-1.582830999999942
123,4.562059000000261,-1.582830999999942
124,4.562059000000261,-1.582830999999942
125,0.4320420000004219,2.066805999999758
126,0.4320420000004219,2.066805999999758
127,0.4320420000004219,2.066805999999758
128,0.4320420000004219,2.066805999999758
129,0.4320420000004219,2.066805999999758
130,0.4320420000004219,2.066805999999758
131,0.4320420000004219,2.066805999999758
132,0.4320420000004219,2.066805999999758
133,0.4320420000004219,2.066805999999758
134,0.4320420000004219,2.066805999999758
135,1.7758539999998106,0.9091570000001923
136,1.7758539999998106,0.9091570000001923
137,1.7758539999998106,0.9091570000001923
138,1.7758539999998106,0.9091570000001923
139,1.7758539999998106,0.9091570000001923
140,1.7758539999998106,0.9091570000001923
141,1.7758539999998106,0.9091570000001923
142,1.7758539999998106,0.9091570000001923
143,1.7758539999998106,0.9091570000001923
144,1.7758539999998106,0.9091570000001923
145,0.05121100000036449,-2.2907380000003172
146,0.05121100000036449,-2.2907380000003172
147,0.05121100000036449,-2.2907380000003172
148,0.05121100000036449,-2.2907380000003172
149,0.05121100000036449,-2.2907380000003172
150,0.05121100000036449,-2.2907380000003172
151,0.05121100000036449,-2.2907380000003172
152,0.05121100000036449,-2.2907380000003172
153,0.05121100000036449,-2.2907380000003172
154,0.05121100000036449,-2.2907380000003172
155,-8.62791800000008,-5.621756000000403
156,-8.62791800000008,-5.621756000000403
157,-8.62791800000008,-5.621756000000403
158,-8.62791800000008,-5.621756000000403
159,-8.62791800000008,-5.621756000000403
160,-8.62791800000008,-5.621756000000403
161,-8.62791800000008,-5.621756000000403
162,-8.62791800000008,-5.621756000000403
163,-8.62791800000008,-5.621756000000403
164,-8.62791800000008,-5.621756000000403
165,-5.744582000000264,-2.870915000000366
166,-5.744582000000264,-2.870915000000366
167,-5.744582000000264,-2.870915000000366
168,-5.744582000000264,-2.870915000000366
169,-5.744582000000264,-2.870915000000366
170,-5.744582000000264,-2.870915000000366
171,-5.744582000000264,-2.870915000000366
172,-5.744582000000264,-2.870915000000366
173,-5.744582000000264,-2.870915000000366
174,-5.744582000000264,-2.870915000000366
175,-0.08187200000048733,-3.241575000000296
176,-0.08187200000048733,-3.241575000000296
177,-0.08187200000048733,-3.241575000000296
178,-0.08187200000048733,-3.241575000000296
179,-0.08187200000048733,-3.241575000000296
180,-0.08187200000048733,-3.241575000000296
181,-0.08187200000048733,-3.241575000000296
182,-0.08187200000048733,-3.241575000000296
183,-0.08187200000048733,-3.241575000000296
184,-0.08187200000048733,-3.241575000000296
185,-6.291309999999328,0.8949410000000171
186,-6.291309999999328,0.8949410000000171
187,-6.291309999999328,0.8949410000000171
188,-6.291309999999328,0.8949410000000171
189,-6.291309999999328,0.8949410000000171
190,-6.291309999999328,0.8949410000000171
191,-6.291309999999328,0.8949410000000171
192,-6.291309999999328,0.8949410000000171
193,-6.291309999999328,0.8949410000000171
194,-6.291309999999328,0.8949410000000171
195,1.0578280000002565,1.9011339999997858
196,1.0578280000002565,1.9011339999997858
197,1.0578280000002565,1.9011339999997858
198,1.0578280000002565,1.9011339999997858
199,1.0578280000002565,1.9011339999997858
200,1.0578280000002565,1.9011339999997858
201,1.0578280000002565,1.9011339999997858
202,1.0578280000002565,1.9011339999997858
203,1.0578280000002565,1.9011339999997858
204,1.0578280000002565,1.9011339999997858
205,-1.8722469999997884,-3.32510499999961
206,-1.8722469999997884,-3.32510499999961
207,-1.8722469999997884,-3.32510499999961
208,-1.8722469999997884,-3.32510499999961
1,-1.8722469999997884,-3.32510499999961
2,-1.8722469999997884,-3.32510499999961
3,-1.8722469999997884,-3.32510499999961
4,-1.8722469999997884,-3.32510499999961
5,-1.8722469999997884,-3.32510499999961
6,-1.8722469999997884,-3.32510499999961
7,-18.384242999999287,-10.206441999999925
8,-18.384242999999287,-10.206441999999925
9,-18.384242999999287,-10.206441999999925
10,-18.384242999999287,-10.206441999999925
11,-18.384242999999287,-10.206441999999925
12,-18.384242999999287,-10.206441999999925
13,-18.384242999999287,-10.206441999999925
14,-18.384242999999287,-10.206441999999925
15,-18.384242999999287,-10.206441999999925
16,-18.384242999999287,-10.206441999999925
17,-0.2392500000002542,-1.0400639999996883
18,-0.2392500000002542,-1.0400639999996883
19,-0.2392500000002542,-1.0400639999996883
20,-0.2392500000002542,-1.0400639999996883
21,-0.2392500000002542,-1.0400639999996883
22,-0.2392500000002542,-1.0400639999996883
23,-0.2392500000002542,-1.0400639999996883
24,-0.2392500000002542,-1.0400639999996883
25,-0.2392500000002542,-1.0400639999996883
26,-0.2392500000002542,-1.0400639999996883
27,14.6104160000001,6.913834000000122
28,14.6104160000001,6.913834000000122
29,14.6104160000001,6.913834000000122
30,14.6104160000001,6.913834000000122
31,14.6104160000001,6.913834000000122
32,14.6104160000001,6.913834000000122
33,14.6104160000001,6.913834000000122
34,14.6104160000001,6.913834000000122
35,14.6104160000001,6.913834000000122
36,14.6104160000001,6.913834000000122
37,7.9662195999999525,3.3392179999999314
38,7.9662195999999525,3.3392179999999314
39,7.9662195999999525,3.3392179999999314
40,7.9662195999999525,3.3392179999999314
41,7.9662195999999525,3.3392179999999314
42,7.9662195999999525,3.3392179999999314
43,7.9662195999999525,3.3392179999999314
44,7.9662195999999525,3.3392179999999314
45,7.9662195999999525,3.3392179999999314
46,7.9662195999999525,3.3392179999999314
47,-2.5619501000000753,-7.909058600000009
48,-2.5619501000000753,-7.909058600000009
49,-2.5619501000000753,-7.909058600000009
50,-2.5619501000000753,-7.909058600000009
51,-2.5619501000000753,-7.909058600000009
52,-2.5619501000000753,-7.909058600000009
53,-2.5619501000000753,-7.909058600000009
54,-2.5619501000000753,-7.909058600000009
55,-2.5619501000000753,-7.909058600000009
56,-2.5619501000000753,-7.909058600000009
57,6.553413900000123,3.8674978000001374
58,6.553413900000123,3.8674978000001374
59,6.553413900000123,3.8674978000001374
60,6.553413900000123,3.8674978000001374
61,6.553413900000123,3.8674978000001374
62,6.553413900000123,3.8674978000001374
63,6.553413900000123,3.8674978000001374
64,6.553413900000123,3.8674978000001374
65,6.553413900000123,3.8674978000001374
66,6.553413900000123,3.8674978000001374
67,4.556818699999965,5.542089699999941
68,4.556818699999965,5.542089699999941
69,4.556818699999965,5.542089699999941
70,4.556818699999965,5.542089699999941
71,4.556818699999965,5.542089699999941
72,4.556818699999965,5.542089699999941
73,4.556818699999965,5.542089699999941
74,4.556818699999965,5.542089699999941
75,4.556818699999965,5.542089699999941
76,4.556818699999965,5.542089699999941
77,3.3986699000000584,2.3957435000000373
78,3.3986699000000584,2.3957435000000373
79,3.3986699000000584,2.3957435000000373
80,3.3986699000000584,2.3957435000000373
81,3.3986699000000584,2.3957435000000373
82,3.3986699000000584,2.3957435000000373
83,3.3986699000000584,2.3957435000000373
84,3.3986699000000584,2.3957435000000373
85,3.3986699000000584,2.3957435000000373
86,3.3986699000000584,2.3957435000000373
87,-20.046328999999673,-8.96615699999984
88,-20.046328999999673,-8.96615699999984
89,-20.046328999999673,-8.96615699999984
90,-20.046328999999673,-8.96615699999984
91,-20.046328999999673,-8.96615699999984
92,-20.046328999999673,-8.96615699999984
93,-20.046328999999673,-8.96615699999984
94,-20.046328999999673,-8.96615699999984
95,-20.046328999999673,-8.96615699999984
96,-20.046328999999673,-8.96615699999984
97,-0.1810550000003559,-6.9222069999996165
98,-0.1810550000003559,-6.9222069999996165
99,-0.1810550000003559,-6.9222069999996165
100,-0.1810550000003559,-6.9222069999996165
101,-0.1810550000003559,-6.9222069999996165
102,-0.1810550000003559,-6.9222069999996165
103,-0.1810550000003559,-6.9222069999996165
104,-0.1810550000003559,-6.9222069999996165
105,-0.1810550000003559,-6.9222069999996165
106,-0.1810550000003559,-6.9222069999996165
107,0.20519900000013536,-0.8971429999999003
108,0.20519900000013536,-0.8971429999999003
109,0.20519900000013536,-0.8971429999999003
110,0.20519900000013536,-0.8971429999999003
111,0.20519900000013536,-0.8971429999999003
112,0.20519900000013536,-0.8971429999999003
113,0.20519900000013536,-0.8971429999999003
114,0.20519900000013536,-0.8971429999999003
115,0.20519900000013536,-0.8971429999999003
116,0.20519900000013536,-0.8971429999999003
117,1.7304289999999298,-0.5653671999999403
118,1.7304289999999298,-0.5653671999999403
119,1.7304289999999298,-0.5653671999999403
120,1.7304289999999298,-0.5653671999999403
121,1.7304289999999298,-0.5653671999999403
122,1.7304289999999298,-0.5653671999999403
123,1.7304289999999298,-0.5653671999999403
124,1.7304289999999298,-0.5653671999999403
125,1.7304289999999298,-0.5653671999999403
126,1.7304289999999298,-0.5653671999999403
127,-2.835577999999856,4.3414820000001555
128,-2.835577999999856,4.3414820000001555
129,-2.835577999999856,4.3414820000001555
130,-2.835577999999856,4.3414820000001555
131,-2.835577999999856,4.3414820000001555
132,-2.835577999999856,4.3414820000001555
133,-2.835577999999856,4.3414820000001555
134,-2.835577999999856,4.3414820000001555
135,-2.835577999999856,4.3414820000001555
136,-2.835577999999856,4.3414820000001555
137,-7.115463999999918,-4.144293800000014
138,-7.115463999999918,-4.144293800000014
139,-7.115463999999918,-4.144293800000014
140,-7.115463999999918,-4.144293800000014
141,-7.115463999999918,-4.144293800000014
142,-7.115463999999918,-4.144293800000014
143,-7.115463999999918,-4.144293800000014
144,-7.115463999999918,-4.144293800000014
145,-7.115463999999918,-4.144293800000014
146,-7.115463999999918,-4.144293800000014
147,-2.3663299999998912,-1.8071940000002655
148,-2.3663299999998912,-1.8071940000002655
149,-2.3663299999998912,-1.8071940000002655
150,-2.3663299999998912,-1.8071940000002655
151,-2.3663299999998912,-1.8071940000002655
152,-2.3663299999998912,-1.8071940000002655
153,-2.3663299999998912,-1.8071940000002655
154,-2.3663299999998912,-1.8071940000002655
155,-2.3663299999998912,-1.8071940000002655
156,-2.3663299999998912,-1.8071940000002655
157,-0.08087199999997097,-0.7515599999997562
158,-0.08087199999997097,-0.7515599999997562
159,-0.08087199999997097,-0.7515599999997562
160,-0.08087199999997097,-0.7515599999997562
161,-0.08087199999997097,-0.7515599999997562
162,-0.08087199999997097,-0.7515599999997562
163,-0.08087199999997097,-0.7515599999997562
164,-0.08087199999997097,-0.7515599999997562
165,-0.08087199999997097,-0.7515599999997562
166,-0.08087199999997097,-0.7515599999997562
167,-0.8420570000002385,-3.992962999999861
168,-0.8420570000002385,-3.992962999999861
169,-0.8420570000002385,-3.992962999999861
170,-0.8420570000002385,-3.992962999999861
171,-0.8420570000002385,-3.992962999999861
172,-0.8420570000002385,-3.992962999999861
173,-0.8420570000002385,-3.992962999999861
174,-0.8420570000002385,-3.992962999999861
175,-0.8420570000002385,-3.992962999999861
176,-0.8420570000002385,-3.992962999999861
177,-2.175707000000898,-0.35261099999951284
178,-2.175707000000898,-0.35261099999951284
179,-2.175707000000898,-0.35261099999951284
180,-2.175707000000898,-0.35261099999951284
181,-2.175707000000898,-0.35261099999951284
182,-2.175707000000898,-0.35261099999951284
183,-2.175707000000898,-0.35261099999951284
184,-2.175707000000898,-0.35261099999951284
185,-2.175707000000898,-0.35261099999951284
186,-2.175707000000898,-0.35261099999951284
187,3.3986699000000584,2.3957435000000373
188,3.3986699000000584,2.3957435000000373
189,3.3986699000000584,2.3957435000000373
190,3.3986699000000584,2.3957435000000373
191,3.3986699000000584,2.3957435000000373
192,3.3986699000000584,2.3957435000000373
193,3.3986699000000584,2.3957435000000373
194,3.3986699000000584,2.3957435000000373
195,3.3986699000000584,2.3957435000000373
196,3.3986699000000584,2.3957435000000373
197,5.77985910000011,3.4122540000000896
198,5.77985910000011,3.4122540000000896
199,5.77985910000011,3.4122540000000896
200,5.77985910000011,3.4122540000000896
201,5.77985910000011,3.4122540000000896
202,5.77985910000011,3.4122540000000896
203,5.77985910000011,3.4122540000000896
204,5.77985910000011,3.4122540000000896
205,5.77985910000011,3.4122540000000896
206,5.77985910000011,3.4122540000000896
207,4.3278561000000195,1.113767999999908
208,4.3278561000000195,1.113767999999908
1,4.3278561000000195,1.113767999999908
2,4.3278561000000195,1.113767999999908
3,4.3278561000000195,1.113767999999908
4,4.3278561000000195,1.113767999999908
5,4.3278561000000195,1.113767999999908
6,4.3278561000000195,1.113767999999908
7,4.3278561000000195,1.113767999999908
8,4.3278561000000195,1.113767999999908
9,5.57172900000009,5.024891400000072
10,5.57172900000009,5.024891400000072
11,5.57172900000009,5.024891400000072
12,5.57172900000009,5.024891400000072
13,5.57172900000009,5.024891400000072
14,5.57172900000009,5.024891400000072
15,5.57172900000009,5.024891400000072
16,5.57172900000009,5.024891400000072
17,5.57172900000009,5.024891400000072
18,5.57172900000009,5.024891400000072
19,3.4051640000001555,-0.13331300000002955
20,3.4051640000001555,-0.13331300000002955
21,3.4051640000001555,-0.13331300000002955
22,3.4051640000001555,-0.13331300000002955
23,3.4051640000001555,-0.13331300000002955
24,3.4051640000001555,-0.13331300000002955
25,3.4051640000001555,-0.13331300000002955
26,3.4051640000001555,-0.13331300000002955
27,3.4051640000001555,-0.13331300000002955
28,3.4051640000001555,-0.13331300000002955
29,1.6780060000003516,0.00036600000004227695
30,1.6780060000003516,0.00036600000004227695
31,1.6780060000003516,0.00036600000004227695
32,1.6780060000003516,0.00036600000004227695
33,1.6780060000003516,0.00036600000004227695
34,1.6780060000003516,0.00036600000004227695
35,1.6780060000003516,0.00036600000004227695
36,1.6780060000003516,0.00036600000004227695
37,1.6780060000003516,0.00036600000004227695
38,1.6780060000003516,0.00036600000004227695
39,-1.474064999999655,-0.9607159999998203
40,-1.474064999999655,-0.9607159999998203
41,-1.474064999999655,-0.9607159999998203
42,-1.474064999999655,-0.9607159999998203
43,-1.474064999999655,-0.9607159999998203
44,-1.474064999999655,-0.9607159999998203
45,-1.474064999999655,-0.9607159999998203
46,-1.474064999999655,-0.9607159999998203
47,-1.474064999999655,-0.9607159999998203
48,-1.474064999999655,-0.9607159999998203
49,-0.5160331000000156,1.3875747000000729
50,-0.5160331000000156,1.3875747000000729
51,-0.5160331000000156,1.3875747000000729
52,-0.5160331000000156,1.3875747000000729
53,-0.5160331000000156,1.3875747000000729
54,-0.5160331000000156,1.3875747000000729
55,-0.5160331000000156,1.3875747000000729
56,-0.5160331000000156,1.3875747000000729
57,-0.5160331000000156,1.3875747000000729
58,-0.5160331000000156,1.3875747000000729
59,-3.5638209999998196,-1.2841297999999313
60,-3.5638209999998196,-1.2841297999999313
61,-3.5638209999998196,-1.2841297999999313
62,-3.5638209999998196,-1.2841297999999313
63,-3.5638209999998196,-1.2841297999999313
64,-3.5638209999998196,-1.2841297999999313
65,-3.5638209999998196,-1.2841297999999313
66,-3.5638209999998196,-1.2841297999999313
67,-3.5638209999998196,-1.2841297999999313
68,-3.5638209999998196,-1.2841297999999313
69,-2.0180968999997617,-2.837199699999914
70,-2.0180968999997617,-2.837199699999914
71,-2.0180968999997617,-2.837199699999914
72,-2.0180968999997617,-2.837199699999914
73,-2.0180968999997617,-2.837199699999914
74,-2.0180968999997617,-2.837199699999914
75,-2.0180968999997617,-2.837199699999914
76,-2.0180968999997617,-2.837199699999914
77,-2.0180968999997617,-2.837199699999914
78,-2.0180968999997617,-2.837199699999914
79,-3.2352649999999414,-0.6072059999998487
80,-3.2352649999999414,-0.6072059999998487
81,-3.2352649999999414,-0.6072059999998487
82,-3.2352649999999414,-0.6072059999998487
83,-3.2352649999999414,-0.6072059999998487
84,-3.2352649999999414,-0.6072059999998487
85,-3.2352649999999414,-0.6072059999998487
86,-3.2352649999999414,-0.6072059999998487
87,-3.2352649999999414,-0.6072059999998487
88,-3.2352649999999414,-0.6072059999998487
89,13.162662999999839,14.825336999999763
90,13.162662999999839,14.825336999999763
91,13.162662999999839,14.825336999999763
92,13.162662999999839,14.825336999999763
93,13.162662999999839,14.825336999999763
94,13.162662999999839,14.825336999999763
95,13.162662999999839,14.825336999999763
96,13.162662999999839,14.825336999999763
97,13.162662999999839,14.825336999999763
98,13.162662999999839,14.825336999999763
99,-0.9735109999998031,-1.102415999999721
100,-0.9735109999998031,-1.102415999999721
101,-0.9735109999998031,-1.102415999999721
102,-0.9735109999998031,-1.102415999999721
103,-0.9735109999998031,-1.102415999999721
104,-0.9735109999998031,-1.102415999999721
105,-0.9735109999998031,-1.102415999999721
106,-0.9735109999998031,-1.102415999999721
107,-0.9735109999998031,-1.102415999999721
108,-0.9735109999998031,-1.102415999999721
109,8.648431999999843,-4.598448999999732
110,8.648431999999843,-4.598448999999732
111,8.648431999999843,-4.598448999999732
112,8.648431999999843,-4.598448999999732
113,8.648431999999843,-4.598448999999732
114,8.648431999999843,-4.598448999999732
115,8.648431999999843,-4.598448999999732
116,8.648431999999843,-4.598448999999732
117,8.648431999999843,-4.598448999999732
118,8.648431999999843,-4.598448999999732
119,1.3747479999999541,-3.2930899999996655
120,1.3747479999999541,-3.2930899999996655
121,1.3747479999999541,-3.2930899999996655
122,1.3747479999999541,-3.2930899999996655
123,1.3747479999999541,-3.2930899999996655
124,1.3747479999999541,-3.2930899999996655
125,1.3747479999999541,-3.2930899999996655
126,1.3747479999999541,-3.2930899999996655
127,1.3747479999999541,-3.2930899999996655
128,1.3747479999999541,-3.2930899999996655
129,31.742728999999883,20.227651000000265
130,31.742728999999883,20.227651000000265
131,31.742728999999883,20.227651000000265
132,31.742728999999883,20.227651000000265
133,31.742728999999883,20.227651000000265
134,31.742728999999883,20.227651000000265
135,31.742728999999883,20.227651000000265
136,31.742728999999883,20.227651000000265
137,31.742728999999883,20.227651000000265
138,31.742728999999883,20.227651000000265
139,2.8713019999995595,-0.7456909999996242
140,2.8713019999995595,-0.7456909999996242
141,2.8713019999995595,-0.7456909999996242
142,2.8713019999995595,-0.7456909999996242
143,2.8713019999995595,-0.7456909999996242
144,2.8713019999995595,-0.7456909999996242
145,2.8713019999995595,-0.7456909999996242
146,2.8713019999995595,-0.7456909999996242
147,2.8713019999995595,-0.7456909999996242
148,2.8713019999995595,-0.7456909999996242
149,2.1606359999998404,1.4564899999998602
150,2.1606359999998404,1.4564899999998602
151,2.1606359999998404,1.4564899999998602
152,2.1606359999998404,1.4564899999998602
153,2.1606359999998404,1.4564899999998602
154,2.1606359999998404,1.4564899999998602
155,2.1606359999998404,1.4564899999998602
156,2.1606359999998404,1.4564899999998602
157,2.1606359999998404,1.4564899999998602
158,2.1606359999998404,1.4564899999998602
159,27.44885400000004,28.434162999999955
160,27.44885400000004,28.434162999999955
161,27.44885400000004,28.434162999999955
162,27.44885400000004,28.434162999999955
163,27.44885400000004,28.434162999999955
164,27.44885400000004,28.434162999999955
165,27.44885400000004,28.434162999999955
166,27.44885400000004,28.434162999999955
167,27.44885400000004,28.434162999999955
168,27.44885400000004,28.434162999999955
169,-14.786911999999461,-12.87609200000071
170,-14.786911999999461,-12.87609200000071
171,-14.786911999999461,-12.87609200000071
172,-14.786911999999461,-12.87609200000071
173,-14.786911999999461,-12.87609200000071
174,-14.786911999999461,-12.87609200000071
175,-14.786911999999461,-12.87609200000071
176,-14.786911999999461,-12.87609200000071
177,-14.786911999999461,-12.87609200000071
178,-14.786911999999461,-12.87609200000071
179,-16.07377500000075,-11.790422999999976
180,-16.07377500000075,-11.790422999999976
181,-16.07377500000075,-11.790422999999976
182,-16.07377500000075,-11.790422999999976
183,-16.07377500000075,-11.790422999999976
184,-16.07377500000075,-11.790422999999976
185,-16.07377500000075,-11.790422999999976
186,-16.07377500000075,-11.790422999999976
187,-16.07377500000075,-11.790422999999976
188,-16.07377500000075,-11.790422999999976
189,15.285422000000494,2.5901860000001875
190,15.285422000000494,2.5901860000001875
191,15.285422000000494,2.5901860000001875
192,15.285422000000494,2.5901860000001875
193,15.285422000000494,2.5901860000001875
194,15.285422000000494,2.5901860000001875
195,15.285422000000494,2.5901860000001875
196,15.285422000000494,2.5901860000001875
197,15.285422000000494,2.5901860000001875
198,15.285422000000494,2.5901860000001875
199,13.377907999999707,13.183688999999617
200,13.377907999999707,13.183688999999617
201,13.377907999999707,13.183688999999617
202,13.377907999999707,13.183688999999617
203,13.377907999999707,13.183688999999617
204,13.377907999999707,13.183688999999617
205,13.377907999999707,13.183688999999617
206,13.377907999999707,13.183688999999617
207,13.377907999999707,13.183688999999617
208,13.377907999999707,13.183688999999617
1,8.030456000000527,-1.6850980000003801
2,8.030456000000527,-1.6850980000003801
3,8.030456000000527,-1.6850980000003801
4,8.030456000000527,-1.6850980000003801
5,8.030456000000527,-1.6850980000003801
6,8.030456000000527,-1.6850980000003801
7,8.030456000000527,-1.6850980000003801
8,8.030456000000527,-1.6850980000003801
9,8.030456000000527,-1.6850980000003801
10,8.030456000000527,-1.6850980000003801
11,1.8530429999996159,-3.109247000000437
12,1.8530429999996159,-3.109247000000437
13,1.8530429999996159,-3.109247000000437
14,1.8530429999996159,-3.109247000000437
15,1.8530429999996159,-3.109247000000437
16,1.8530429999996159,-3.109247000000437
17,1.8530429999996159,-3.109247000000437
18,1.8530429999996159,-3.109247000000437
19,1.8530429999996159,-3.109247000000437
20,1.8530429999996159,-3.109247000000437
21,-13.783916000000204,-10.56181500000065
22,-13.783916000000204,-10.56181500000065
23,-13.783916000000204,-10.56181500000065
24,-13.783916000000204,-10.56181500000065
25,-13.783916000000204,-10.56181500000065
26,-13.783916000000204,-10.56181500000065
27,-13.783916000000204,-10.56181500000065
28,-13.783916000000204,-10.56181500000065
29,-13.783916000000204,-10.56181500000065
30,-13.783916000000204,-10.56181500000065
31,3.498101000000048,-3.4100419999999474
32,3.498101000000048,-3.4100419999999474
33,3.498101000000048,-3.4100419999999474
34,3.498101000000048,-3.4100419999999474
35,3.498101000000048,-3.4100419999999474
36,3.498101000000048,-3.4100419999999474
37,3.498101000000048,-3.4100419999999474
38,3.498101000000048,-3.4100419999999474
39,3.498101000000048,-3.4100419999999474
40,3.498101000000048,-3.4100419999999474
41,-1.0272769999996854,-0.4251990000001058
42,-1.0272769999996854,-0.4251990000001058
43,-1.0272769999996854,-0.4251990000001058
44,-1.0272769999996854,-0.4251990000001058
45,-1.0272769999996854,-0.4251990000001058
46,-1.0272769999996854,-0.4251990000001058
47,-1.0272769999996854,-0.4251990000001058
48,-1.0272769999996854,-0.4251990000001058
49,-1.0272769999996854,-0.4251990000001058
50,-1.0272769999996854,-0.4251990000001058
51,-2.9918159999996874,0.45446699999996554
52,-2.9918159999996874,0.45446699999996554
53,-2.9918159999996874,0.45446699999996554
54,-2.9918159999996874,0.45446699999996554
55,-2.9918159999996874,0.45446699999996554
56,-2.9918159999996874,0.45446699999996554
57,-2.9918159999996874,0.45446699999996554
58,-2.9918159999996874,0.45446699999996554
59,-2.9918159999996874,0.45446699999996554
60,-2.9918159999996874,0.45446699999996554
61,11.150609999999801,7.979872000000455
62,11.150609999999801,7.979872000000455
63,11.150609999999801,7.979872000000455
64,11.150609999999801,7.979872000000455
65,11.150609999999801,7.979872000000455
66,11.150609999999801,7.979872000000455
67,11.150609999999801,7.979872000000455
68,11.150609999999801,7.979872000000455
69,11.150609999999801,7.979872000000455
70,11.150609999999801,7.979872000000455
71,6.879086000000257,5.241215999999724
72,6.879086000000257,5.241215999999724
73,6.879086000000257,5.241215999999724
74,6.879086000000257,5.241215999999724
75,6.879086000000257,5.241215999999724
76,6.879086000000257,5.241215999999724
77,6.879086000000257,5.241215999999724
78,6.879086000000257,5.241215999999724
79,6.879086000000257,5.241215999999724
80,6.879086000000257,5.241215999999724
81,10.432195999999067,9.311898999999983
82,10.432195999999067,9.311898999999983
83,10.432195999999067,9.311898999999983
84,10.432195999999067,9.311898999999983
85,10.432195999999067,9.311898999999983
86,10.432195999999067,9.311898999999983
87,10.432195999999067,9.311898999999983
88,10.432195999999067,9.311898999999983
89,10.432195999999067,9.311898999999983
90,10.432195999999067,9.311898999999983
91,12.56975299999965,6.156255999999701
92,12.56975299999965,6.156255999999701
93,12.56975299999965,6.156255999999701
94,12.56975299999965,6.156255999999701
95,12.56975299999965,6.156255999999701
96,12.56975299999965,6.156255999999701
97,12.56975299999965,6.156255999999701
98,12.56975299999965,6.156255999999701
99,12.56975299999965,6.156255999999701
100,12.56975299999965,6.156255999999701
101,9.244486000000052,3.405214999999771
102,9.244486000000052,3.405214999999771
103,9.244486000000052,3.405214999999771
104,9.244486000000052,3.405214999999771
105,9.244486000000052,3.405214999999771
106,9.244486000000052,3.405214999999771
107,9.244486000000052,3.405214999999771
108,9.244486000000052,3.405214999999771
109,9.244486000000052,3.405214999999771
110,9.244486000000052,3.405214999999771
111,22.88566600000013,8.327853000000573
112,22.88566600000013,8.327853000000573
113,22.88566600000013,8.327853000000573
114,22.88566600000013,8.327853000000573
115,22.88566600000013,8.327853000000573
116,22.88566600000013,8.327853000000573
117,22.88566600000013,8.327853000000573
118,22.88566600000013,8.327853000000573
119,22.88566600000013,8.327853000000573
120,22.88566600000013,8.327853000000573
121,-2.2285889999997153,-3.4945010000004686
122,-2.2285889999997153,-3.4945010000004686
123,-2.2285889999997153,-3.4945010000004686
124,-2.2285889999997153,-3.4945010000004686
125,-2.2285889999997153,-3.4945010000004686
126,-2.2285889999997153,-3.4945010000004686
127,-2.2285889999997153,-3.4945010000004686
128,-2.2285889999997153,-3.4945010000004686
129,-2.2285889999997153,-3.4945010000004686
130,-2.2285889999997153,-3.4945010000004686
131,-14.936109000000442,-10.974531000000525
132,-14.936109000000442,-10.974531000000525
133,-14.936109000000442,-10.974531000000525
134,-14.936109000000442,-10.974531000000525
135,-14.936109000000442,-10.974531000000525
136,-14.936109000000442,-10.974531000000525
137,-14.936109000000442,-10.974531000000525
138,-14.936109000000442,-10.974531000000525
139,-14.936109000000442,-10.974531000000525
140,-14.936109000000442,-10.974531000000525
141,-0.11215200000054892,-1.8887790000002838
142,-0.11215200000054892,-1.8887790000002838
143,-0.11215200000054892,-1.8887790000002838
144,-0.11215200000054892,-1.8887790000002838
145,-0.11215200000054892,-1.8887790000002838
146,-0.11215200000054892,-1.8887790000002838
147,-0.11215200000054892,-1.8887790000002838
148,-0.11215200000054892,-1.8887790000002838
149,-0.11215200000054892,-1.8887790000002838
150,-0.11215200000054892,-1.8887790000002838
151,-7.104772999999113,-4.447964000000582
152,-7.104772999999113,-4.447964000000582
153,-7.104772999999113,-4.447964000000582
154,-7.104772999999113,-4.447964000000582
155,-7.104772999999113,-4.447964000000582
156,-7.104772999999113,-4.447964000000582
157,-7.104772999999113,-4.447964000000582
158,-7.104772999999113,-4.447964000000582
159,-7.104772999999113,-4.447964000000582
160,-7.104772999999113,-4.447964000000582
161,12.468413999999257,6.599920999999711
162,12.468413999999257,6.599920999999711
163,12.468413999999257,6.599920999999711
164,12.468413999999257,6.599920999999711
165,12.468413999999257,6.599920999999711
166,12.468413999999257,6.599920999999711
167,12.468413999999257,6.599920999999711
168,12.468413999999257,6.599920999999711
169,12.468413999999257,6.599920999999711
170,12.468413999999257,6.599920999999711
171,-1.1963020000004008,-1.1405329999998912
172,-1.1963020000004008,-1.1405329999998912
173,-1.1963020000004008,-1.1405329999998912
174,-1.1963020000004008,-1.1405329999998912
175,-1.1963020000004008,-1.1405329999998912
176,-1.1963020000004008,-1.1405329999998912
177,-1.1963020000004008,-1.1405329999998912
178,-1.1963020000004008,-1.1405329999998912
179,-1.1963020000004008,-1.1405329999998912
180,-1.1963020000004008,-1.1405329999998912
181,16.06935199999947,2.3609970000003386
182,16.06935199999947,2.3609970000003386
183,16.06935199999947,2.3609970000003386
184,16.06935199999947,2.3609970000003386
185,16.06935199999947,2.3609970000003386
186,16.06935199999947,2.3609970000003386
187,16.06935199999947,2.3609970000003386
188,16.06935199999947,2.3609970000003386
189,16.06935199999947,2.3609970000003386
190,16.06935199999947,2.3609970000003386
191,21.806368000000646,18.095575999999596
192,21.806368000000646,18.095575999999596
193,21.806368000000646,18.095575999999596
194,21.806368000000646,18.095575999999596
195,21.806368000000646,18.095575999999596
196,21.806368000000646,18.095575999999596
197,21.806368000000646,18.095575999999596
198,21.806368000000646,18.095575999999596
199,21.806368000000646,18.095575999999596
200,21.806368000000646,18.095575999999596
201,-8.788345000000277,-16.42845899999986
202,-8.788345000000277,-16.42845899999986
203,-8.788345000000277,-16.42845899999986
204,-8.788345000000277,-16.42845899999986
205,-8.788345000000277,-16.42845899999986
206,-8.788345000000277,-16.42845899999986
207,-8.788345000000277,-16.42845899999986
208,-8.788345000000277,-16.42845899999986
1,-8.788345000000277,-16.42845899999986
2,-8.788345000000277,-16.42845899999986
3,-20.728658000000337,-12.133415999999897
4,-20.728658000000337,-12.133415999999897
5,-20.728658000000337,-12.133415999999897
6,-20.728658000000337,-12.133415999999897
7,-20.728658000000337,-12.133415999999897
8,-20.728658000000337,-12.133415999999897
9,-20.728658000000337,-12.133415999999897
10,-20.728658000000337,-12.133415999999897
11,-20.728658000000337,-12.133415999999897
12,-20.728658000000337,-12.133415999999897
13,-10.465121000000408,-9.058986000000516
14,-10.465121000000408,-9.058986000000516
15,-10.465121000000408,-9.058986000000516
16,-10.465121000000408,-9.058986000000516
17,-10.465121000000408,-9.058986000000516
18,-10.465121000000408,-9.058986000000516
19,-10.465121000000408,-9.058986000000516
20,-10.465121000000408,-9.058986000000516
21,-10.465121000000408,-9.058986000000516
22,-10.465121000000408,-9.058986000000516
23,28.57158500000037,8.48980999999975
24,28.57158500000037,8.48980999999975
25,28.57158500000037,8.48980999999975
26,28.57158500000037,8.48980999999975
27,28.57158500000037,8.48980999999975
28,28.57158500000037,8.48980999999975
29,28.57158500000037,8.48980999999975
30,28.57158500000037,8.48980999999975
31,28.57158500000037,8.48980999999975
32,28.57158500000037,8.48980999999975
33,-17.288940000000025,-8.559314000000597
34,-17.288940000000025,-8.559314000000597
35,-17.288940000000025,-8.559314000000597
36,-17.288940000000025,-8.559314000000597
37,-17.288940000000025,-8.559314000000597
38,-17.288940000000025,-8.559314000000597
39,-17.288940000000025,-8.559314000000597
40,-17.288940000000025,-8.559314000000597
41,-17.288940000000025,-8.559314000000597
42,-17.288940000000025,-8.559314000000597
43,15.587153999999373,11.549544999999682
44,15.587153999999373,11.549544999999682
45,15.587153999999373,11.549544999999682
46,15.587153999999373,11.549544999999682
47,15.587153999999373,11.549544999999682
48,15.587153999999373,11.549544999999682
49,15.587153999999373,11.549544999999682
50,15.587153999999373,11.549544999999682
51,15.587153999999373,11.549544999999682
52,15.587153999999373,11.549544999999682
53,21.485378000000196,2.593276999999887
54,21.485378000000196,2.593276999999887
55,21.485378000000196,2.593276999999887
56,21.485378000000196,2.593276999999887
57,21.485378000000196,2.593276999999887
58,21.485378000000196,2.593276999999887
59,21.485378000000196,2.593276999999887
60,21.485378000000196,2.593276999999887
61,21.485378000000196,2.593276999999887
62,21.485378000000196,2.593276999999887
63,9.588355000000291,4.614209000000187
64,9.588355000000291,4.614209000000187
65,9.588355000000291,4.614209000000187
66,9.588355000000291,4.614209000000187
67,9.588355000000291,4.614209000000187
68,9.588355000000291,4.614209000000187
69,9.588355000000291,4.614209000000187
70,9.588355000000291,4.614209000000187
71,9.588355000000291,4.614209000000187
72,9.588355000000291,4.614209000000187
73,12.56400499999981,6.04039700000007
74,12.56400499999981,6.04039700000007
75,12.56400499999981,6.04039700000007
76,12.56400499999981,6.04039700000007
77,12.56400499999981,6.04039700000007
78,12.56400499999981,6.04039700000007
79,12.56400499999981,6.04039700000007
80,12.56400499999981,6.04039700000007
81,12.56400499999981,6.04039700000007
82,12.56400499999981,6.04039700000007
83,-1.0773399999996514,1.6576229999999157
84,-1.0773399999996514,1.6576229999999157
85,-1.0773399999996514,1.6576229999999157
86,-1.0773399999996514,1.6576229999999157
87,-1.0773399999996514,1.6576229999999157
88,-1.0773399999996514,1.6576229999999157
89,-1.0773399999996514,1.6576229999999157
90,-1.0773399999996514,1.6576229999999157
91,-1.0773399999996514,1.6576229999999157
92,-1.0773399999996514,1.6576229999999157
93,13.87206200000037,4.83441899999994
94,13.87206200000037,4.83441899999994
95,13.87206200000037,4.83441899999994
96,13.87206200000037,4.83441899999994
97,13.87206200000037,4.83441899999994
98,13.87206200000037,4.83441899999994
99,13.87206200000037,4.83441899999994
100,13.87206200000037,4.83441899999994
101,13.87206200000037,4.83441899999994
102,13.87206200000037,4.83441899999994
103,10.087239999999866,3.9610229999999262
104,10.087239999999866,3.9610229999999262
105,10.087239999999866,3.9610229999999262
106,10.087239999999866,3.9610229999999262
107,10.087239999999866,3.9610229999999262
108,10.087239999999866,3.9610229999999262
109,10.087239999999866,3.9610229999999262
110,10.087239999999866,3.9610229999999262
111,10.087239999999866,3.9610229999999262
112,10.087239999999866,3.9610229999999262
113,4.063904000000377,2.0979160000002537
114,4.063904000000377,2.0979160000002537
115,4.063904000000377,2.0979160000002537
116,4.063904000000377,2.0979160000002537
117,4.063904000000377,2.0979160000002537
118,4.063904000000377,2.0979160000002537
119,4.063904000000377,2.0979160000002537
120,4.063904000000377,2.0979160000002537
121,4.063904000000377,2.0979160000002537
122,4.063904000000377,2.0979160000002537
123,9.154164000000321,2.438741999999877
124,9.154164000000321,2.438741999999877
125,9.154164000000321,2.438741999999877
126,9.154164000000321,2.438741999999877
127,9.154164000000321,2.438741999999877
128,9.154164000000321,2.438741999999877
129,9.154164000000321,2.438741999999877
130,9.154164000000321,2.438741999999877
131,9.154164000000321,2.438741999999877
132,9.154164000000321,2.438741999999877
133,3.50031099999984,-0.08043000000031952
134,3.50031099999984,-0.08043000000031952
135,3.50031099999984,-0.08043000000031952
136,3.50031099999984,-0.08043000000031952
137,3.50031099999984,-0.08043000000031952
138,3.50031099999984,-0.08043000000031952
139,3.50031099999984,-0.08043000000031952
140,3.50031099999984,-0.08043000000031952
141,3.50031099999984,-0.08043000000031952
142,3.50031099999984,-0.08043000000031952
143,12.171727000000374,0.9344430000003285
144,12.171727000000374,0.9344430000003285
145,12.171727000000374,0.9344430000003285
146,12.171727000000374,0.9344430000003285
147,12.171727000000374,0.9344430000003285
148,12.171727000000374,0.9344430000003285
149,12.171727000000374,0.9344430000003285
150,12.171727000000374,0.9344430000003285
151,12.171727000000374,0.9344430000003285
152,12.171727000000374,0.9344430000003285
153,9.317358999999755,5.515186999999997
154,9.317358999999755,5.515186999999997
155,9.317358999999755,5.515186999999997
156,9.317358999999755,5.515186999999997
157,9.317358999999755,5.515186999999997
158,9.317358999999755,5.515186999999997
159,9.317358999999755,5.515186999999997
160,9.317358999999755,5.515186999999997
161,9.317358999999755,5.515186999999997
162,9.317358999999755,5.515186999999997
163,16.00286100000031,6.545362000000182
164,16.00286100000031,6.545362000000182
165,16.00286100000031,6.545362000000182
166,16.00286100000031,6.545362000000182
167,16.00286100000031,6.545362000000182
168,16.00286100000031,6.545362000000182
169,16.00286100000031,6.545362000000182
170,16.00286100000031,6.545362000000182
171,16.00286100000031,6.545362000000182
172,16.00286100000031,6.545362000000182
173,10.787074999999845,2.68085799999983
174,10.787074999999845,2.68085799999983
175,10.787074999999845,2.68085799999983
176,10.787074999999845,2.68085799999983
177,10.787074999999845,2.68085799999983
178,10.787074999999845,2.68085799999983
179,10.787074999999845,2.68085799999983
180,10.787074999999845,2.68085799999983
181,10.787074999999845,2.68085799999983
182,10.787074999999845,2.68085799999983
183,6.686143000000186,2.5099089999998228
184,6.686143000000186,2.5099089999998228
185,6.686143000000186,2.5099089999998228
186,6.686143000000186,2.5099089999998228
187,6.686143000000186,2.5099089999998228
188,6.686143000000186,2.5099089999998228
189,6.686143000000186,2.5099089999998228
190,6.686143000000186,2.5099089999998228
191,6.686143000000186,2.5099089999998228
192,6.686143000000186,2.5099089999998228
193,6.941248999999914,0.17118699999977594
194,6.941248999999914,0.17118699999977594
195,6.941248999999914,0.17118699999977594
196,6.941248999999914,0.17118699999977594
197,6.941248999999914,0.17118699999977594
198,6.941248999999914,0.17118699999977594
199,6.941248999999914,0.17118699999977594
200,6.941248999999914,0.17118699999977594
201,6.941248999999914,0.17118699999977594
202,6.941248999999914,0.17118699999977594
203,6.611300000000199,-1.4637039999998365
204,6.611300000000199,-1.4637039999998365
205,6.611300000000199,-1.4637039999998365
206,6.611300000000199,-1.4637039999998365
207,6.611300000000199,-1.4637039999998365
208,6.611300000000199,-1.4637039999998365
1,6.611300000000199,-1.4637039999998365
2,6.611300000000199,-1.4637039999998365
3,6.611300000000199,-1.4637039999998365
4,6.611300000000199,-1.4637039999998365
5,5.971836999999823,5.309737999999697
6,5.971836999999823,5.309737999999697
7,5.971836999999823,5.309737999999697
8,5.971836999999823,5.309737999999697
9,5.971836999999823,5.309737999999697
10,5.971836999999823,5.309737999999697
11,5.971836999999823,5.309737999999697
12,5.971836999999823,5.309737999999697
13,5.971836999999823,5.309737999999697
14,5.971836999999823,5.309737999999697
15,-6.306384999999693,-9.804038999999875
16,-6.306384999999693,-9.804038999999875
17,-6.306384999999693,-9.804038999999875
18,-6.306384999999693,-9.804038999999875
19,-6.306384999999693,-9.804038999999875
20,-6.306384999999693,-9.804038999999875
21,-6.306384999999693,-9.804038999999875
22,-6.306384999999693,-9.804038999999875
23,-6.306384999999693,-9.804038999999875
24,-6.306384999999693,-9.804038999999875
25,5.689854999999625,-1.6454579999995076
26,5.689854999999625,-1.6454579999995076
27,5.689854999999625,-1.6454579999995076
28,5.689854999999625,-1.6454579999995076
29,5.689854999999625,-1.6454579999995076
30,5.689854999999625,-1.6454579999995076
31,5.689854999999625,-1.6454579999995076
32,5.689854999999625,-1.6454579999995076
33,5.689854999999625,-1.6454579999995076
34,5.689854999999625,-1.6454579999995076
35,-5.783233000000422,-6.811347000000097
36,-5.783233000000422,-6.811347000000097
37,-5.783233000000422,-6.811347000000097
38,-5.783233000000422,-6.811347000000097
39,-5.783233000000422,-6.811347000000097
40,-5.783233000000422,-6.811347000000097
41,-5.783233000000422,-6.811347000000097
42,-5.783233000000422,-6.811347000000097
43,-5.783233000000422,-6.811347000000097
44,-5.783233000000422,-6.811347000000097
45,-9.623617000000252,-6.096861000000132
46,-9.623617000000252,-6.096861000000132
47,-9.623617000000252,-6.096861000000132
48,-9.623617000000252,-6.096861000000132
49,-9.623617000000252,-6.096861000000132
50,-9.623617000000252,-6.096861000000132
51,-9.623617000000252,-6.096861000000132
52,-9.623617000000252,-6.096861000000132
53,-9.623617000000252,-6.096861000000132
54,-9.623617000000252,-6.096861000000132
55,-8.795248000000129,-7.227155999999923
56,-8.795248000000129,-7.227155999999923
57,-8.795248000000129,-7.227155999999923
58,-8.795248000000129,-7.227155999999923
59,-8.795248000000129,-7.227155999999923
60,-8.795248000000129,-7.227155999999923
61,-8.795248000000129,-7.227155999999923
62,-8.795248000000129,-7.227155999999923
63,-8.795248000000129,-7.227155999999923
64,-8.795248000000129,-7.227155999999923
65,-8.359291999999868,-5.043631999999775
66,-8.359291999999868,-5.043631999999775
67,-8.359291999999868,-5.043631999999775
68,-8.359291999999868,-5.043631999999775
69,-8.359291999999868,-5.043631999999775
70,-8.359291999999868,-5.043631999999775
71,-8.359291999999868,-5.043631999999775
72,-8.359291999999868,-5.043631999999775
73,-8.359291999999868,-5.043631999999775
74,-8.359291999999868,-5.043631999999775
75,-9.426373999999441,-6.415265999999804
76,-9.426373999999441,-6.415265999999804
77,-9.426373999999441,-6.415265999999804
78,-9.426373999999441,-6.415265999999804
79,-9.426373999999441,-6.415265999999804
80,-9.426373999999441,-6.415265999999804
81,-9.426373999999441,-6.415265999999804
82,-9.426373999999441,-6.415265999999804
83,-9.426373999999441,-6.415265999999804
84,-9.426373999999441,-6.415265999999804
85,-7.060462999999515,-7.634078000000102
86,-7.060462999999515,-7.634078000000102
87,-7.060462999999515,-7.634078000000102
88,-7.060462999999515,-7.634078000000102
89,-7.060462999999515,-7.634078000000102
90,-7.060462999999515,-7.634078000000102
91,-7.060462999999515,-7.634078000000102
92,-7.060462999999515,-7.634078000000102
93,-7.060462999999515,-7.634078000000102
94,-7.060462999999515,-7.634078000000102
95,-5.94158800000082,-7.493736999999783
96,-5.94158800000082,-7.493736999999783
97,-5.94158800000082,-7.493736999999783
98,-5.94158800000082,-7.493736999999783
99,-5.94158800000082,-7.493736999999783
100,-5.94158800000082,-7.493736999999783
101,-5.94158800000082,-7.493736999999783
102,-5.94158800000082,-7.493736999999783
103,-5.94158800000082,-7.493736999999783
104,-5.94158800000082,-7.493736999999783
105,-6.742965000000822,-0.7870470000001433
106,-6.742965000000822,-0.7870470000001433
107,-6.742965000000822,-0.7870470000001433
108,-6.742965000000822,-0.7870470000001433
109,-6.742965000000822,-0.7870470000001433
110,-6.742965000000822,-0.7870470000001433
111,-6.742965000000822,-0.7870470000001433
112,-6.742965000000822,-0.7870470000001433
113,-6.742965000000822,-0.7870470000001433
114,-6.742965000000822,-0.7870470000001433
115,-11.888321000000474,-3.3832249999997543
116,-11.888321000000474,-3.3832249999997543
117,-11.888321000000474,-3.3832249999997543
118,-11.888321000000474,-3.3832249999997543
119,-11.888321000000474,-3.3832249999997543
120,-11.888321000000474,-3.3832249999997543
121,-11.888321000000474,-3.3832249999997543
122,-11.888321000000474,-3.3832249999997543
123,-11.888321000000474,-3.3832249999997543
124,-11.888321000000474,-3.3832249999997543
125,-20.354584999999474,-8.564857999999901
126,-20.354584999999474,-8.564857999999901
127,-20.354584999999474,-8.564857999999901
128,-20.354584999999474,-8.564857999999901
129,-20.354584999999474,-8.564857999999901
130,-20.354584999999474,-8.564857999999901
131,-20.354584999999474,-8.564857999999901
132,-20.354584999999474,-8.564857999999901
133,-20.354584999999474,-8.564857999999901
134,-20.354584999999474,-8.564857999999901
135,-2.3997708999998935,-3.189911899999885
136,-2.3997708999998935,-3.189911899999885
137,-2.3997708999998935,-3.189911899999885
138,-2.3997708999998935,-3.189911899999885
139,-2.3997708999998935,-3.189911899999885
140,-2.3997708999998935,-3.189911899999885
141,-2.3997708999998935,-3.189911899999885
142,-2.3997708999998935,-3.189911899999885
143,-2.3997708999998935,-3.189911899999885
144,-2.3997708999998935,-3.189911899999885
145,-3.50652499999984,0.9527209999998547
146,-3.50652499999984,0.9527209999998547
147,-3.50652499999984,0.9527209999998547
148,-3.50652499999984,0.9527209999998547
149,-3.50652499999984,0.9527209999998547
150,-3.50652499999984,0.9527209999998547
151,-3.50652499999984,0.9527209999998547
152,-3.50652499999984,0.9527209999998547
153,-3.50652499999984,0.9527209999998547
154,-3.50652499999984,0.9527209999998547
155,-6.567554999999942,0.2823859999998888
156,-6.567554999999942,0.2823859999998888
157,-6.567554999999942,0.2823859999998888
158,-6.567554999999942,0.2823859999998888
159,-6.567554999999942,0.2823859999998888
160,-6.567554999999942,0.2823859999998888
161,-6.567554999999942,0.2823859999998888
162,-6.567554999999942,0.2823859999998888
163,-6.567554999999942,0.2823859999998888
164,-6.567554999999942,0.2823859999998888
165,-2.801816999999943,2.1027899999999704
166,-2.801816999999943,2.1027899999999704
167,-2.801816999999943,2.1027899999999704
168,-2.801816999999943,2.1027899999999704
169,-2.801816999999943,2.1027899999999704
170,-2.801816999999943,2.1027899999999704
171,-2.801816999999943,2.1027899999999704
172,-2.801816999999943,2.1027899999999704
173,-2.801816999999943,2.1027899999999704
174,-2.801816999999943,2.1027899999999704
175,-1.9083729999999832,2.634211999999877
176,-1.9083729999999832,2.634211999999877
177,-1.9083729999999832,2.634211999999877
178,-1.9083729999999832,2.634211999999877
179,-1.9083729999999832,2.634211999999877
180,-1.9083729999999832,2.634211999999877
181,-1.9083729999999832,2.634211999999877
182,-1.9083729999999832,2.634211999999877
183,-1.9083729999999832,2.634211999999877
184,-1.9083729999999832,2.634211999999877
185,0.574305000000038,0.8245060000002127
186,0.574305000000038,0.8245060000002127
187,0.574305000000038,0.8245060000002127
188,0.574305000000038,0.8245060000002127
189,0.574305000000038,0.8245060000002127
190,0.574305000000038,0.8245060000002127
191,0.574305000000038,0.8245060000002127
192,0.574305000000038,0.8245060000002127
193,0.574305000000038,0.8245060000002127
194,0.574305000000038,0.8245060000002127
195,2.3635270000003175,-0.6246500000000879
196,2.3635270000003175,-0.6246500000000879
197,2.3635270000003175,-0.6246500000000879
198,2.3635270000003175,-0.6246500000000879
199,2.3635270000003175,-0.6246500000000879
200,2.3635270000003175,-0.6246500000000879
201,2.3635270000003175,-0.6246500000000879
202,2.3635270000003175,-0.6246500000000879
203,2.3635270000003175,-0.6246500000000879
204,2.3635270000003175,-0.6246500000000879
205,4.86609799999971,-0.48519099999995774
206,4.86609799999971,-0.48519099999995774
207,4.86609799999971,-0.48519099999995774
208,4.86609799999971,-0.48519099999995774
1,4.86609799999971,-0.48519099999995774
2,4.86609799999971,-0.48519099999995774
3,4.86609799999971,-0.48519099999995774
4,4.86609799999971,-0.48519099999995774
5,4.86609799999971,-0.48519099999995774
6,4.86609799999971,-0.48519099999995774
7,2.7445469999996703,1.4301540000000728
8,2.7445469999996703,1.4301540000000728
9,2.7445469999996703,1.4301540000000728
10,2.7445469999996703,1.4301540000000728
11,2.7445469999996703,1.4301540000000728
12,2.7445469999996703,1.4301540000000728
13,2.7445469999996703,1.4301540000000728
14,2.7445469999996703,1.4301540000000728
15,2.7445469999996703,1.4301540000000728
16,2.7445469999996703,1.4301540000000728
17,3.4626349999996933,-0.5161420000001442
18,3.4626349999996933,-0.5161420000001442
19,3.4626349999996933,-0.5161420000001442
20,3.4626349999996933,-0.5161420000001442
21,3.4626349999996933,-0.5161420000001442
22,3.4626349999996933,-0.5161420000001442
23,3.4626349999996933,-0.5161420000001442
24,3.4626349999996933,-0.5161420000001442
25,3.4626349999996933,-0.5161420000001442
26,3.4626349999996933,-0.5161420000001442
27,39.861117999999465,20.595135000000425
28,39.861117999999465,20.595135000000425
29,39.861117999999465,20.595135000000425
30,39.861117999999465,20.595135000000425
31,39.861117999999465,20.595135000000425
32,39.861117999999465,20.595135000000425
33,39.861117999999465,20.595135000000425
34,39.861117999999465,20.595135000000425
35,39.861117999999465,20.595135000000425
36,39.861117999999465,20.595135000000425
37,-16.18855000000019,-16.08970899999963
38,-16.18855000000019,-16.08970899999963
39,-16.18855000000019,-16.08970899999963
40,-16.18855000000019,-16.08970899999963
41,-16.18855000000019,-16.08970899999963
42,-16.18855000000019,-16.08970899999963
43,-16.18855000000019,-16.08970899999963
44,-16.18855000000019,-16.08970899999963
45,-16.18855000000019,-16.08970899999963
46,-16.18855000000019,-16.08970899999963
47,-12.208190999999204,-5.20425399999948
48,-12.208190999999204,-5.20425399999948
49,-12.208190999999204,-5.20425399999948
50,-12.208190999999204,-5.20425399999948
51,-12.208190999999204,-5.20425399999948
52,-12.208190999999204,-5.20425399999948
53,-12.208190999999204,-5.20425399999948
54,-12.208190999999204,-5.20425399999948
55,-12.208190999999204,-5.20425399999948
56,-12.208190999999204,-5.20425399999948
57,104.0894859999994,-4.92861199999993
58,104.0894859999994,-4.92861199999993
59,104.0894859999994,-4.92861199999993
60,104.0894859999994,-4.92861199999993
61,104.0894859999994,-4.92861199999993
62,104.0894859999994,-4.92861199999993
63,104.0894859999994,-4.92861199999993
64,104.0894859999994,-4.92861199999993
65,104.0894859999994,-4.92861199999993
66,104.0894859999994,-4.92861199999993
67,-125.78944700000034,-2.287449999999126
68,-125.78944700000034,-2.287449999999126
69,-125.78944700000034,-2.287449999999126
70,-125.78944700000034,-2.287449999999126
71,-125.78944700000034,-2.287449999999126
72,-125.78944700000034,-2.287449999999126
73,-125.78944700000034,-2.287449999999126
74,-125.78944700000034,-2.287449999999126
75,-125.78944700000034,-2.287449999999126
76,-125.78944700000034,-2.287449999999126
77,16.88317000000052,-5.249220999999579
78,16.88317000000052,-5.249220999999579
79,16.88317000000052,-5.249220999999579
80,16.88317000000052,-5.249220999999579
81,16.88317000000052,-5.249220999999579
82,16.88317000000052,-5.249220999999579
83,16.88317000000052,-5.249220999999579
84,16.88317000000052,-5.249220999999579
85,16.88317000000052,-5.249220999999579
86,16.88317000000052,-5.249220999999579
87,195.51723300000072,7.3347090000009985
88,195.51723300000072,7.3347090000009985
89,195.51723300000072,7.3347090000009985
90,195.51723300000072,7.3347090000009985
91,195.51723300000072,7.3347090000009985
92,195.51723300000072,7.3347090000009985
93,195.51723300000072,7.3347090000009985
94,195.51723300000072,7.3347090000009985
95,195.51723300000072,7.3347090000009985
96,195.51723300000072,7.3347090000009985
97,33.97696599999915,19.103731000000153
98,33.97696599999915,19.103731000000153
99,33.97696599999915,19.103731000000153
100,33.97696599999915,19.103731000000153
101,33.97696599999915,19.103731000000153
102,33.97696599999915,19.103731000000153
103,33.97696599999915,19.103731000000153
104,33.97696599999915,19.103731000000153
105,33.97696599999915,19.103731000000153
106,33.97696599999915,19.103731000000153
107,-17.20465900000056,-10.524173000000587
108,-17.20465900000056,-10.524173000000587
109,-17.20465900000056,-10.524173000000587
110,-17.20465900000056,-10.524173000000587
111,-17.20465900000056,-10.524173000000587
112,-17.20465900000056,-10.524173000000587
113,-17.20465900000056,-10.524173000000587
114,-17.20465900000056,-10.524173000000587
115,-17.20465900000056,-10.524173000000587
116,-17.20465900000056,-10.524173000000587
117,16.209334999998987,26.088561999999683
118,16.209334999998987,26.088561999999683
119,16.209334999998987,26.088561999999683
120,16.209334999998987,26.088561999999683
121,16.209334999998987,26.088561999999683
122,16.209334999998987,26.088561999999683
123,16.209334999998987,26.088561999999683
124,16.209334999998987,26.088561999999683
125,16.209334999998987,26.088561999999683
126,16.209334999998987,26.088561999999683
127,-34.09306500000116,-17.884351000000947
128,-34.09306500000116,-17.884351000000947
129,-34.09306500000116,-17.884351000000947
130,-34.09306500000116,-17.884351000000947
131,-34.09306500000116,-17.884351000000947
132,-34.09306500000116,-17.884351000000947
133,-34.09306500000116,-17.884351000000947
134,-34.09306500000116,-17.884351000000947
135,-34.09306500000116,-17.884351000000947
136,-34.09306500000116,-17.884351000000947
137,50.557869999999184,-18.644252999999424
138,50.557869999999184,-18.644252999999424
139,50.557869999999184,-18.644252999999424
140,50.557869999999184,-18.644252999999424
141,50.557869999999184,-18.644252999999424
142,50.557869999999184,-18.644252999999424
143,50.557869999999184,-18.644252999999424
144,50.557869999999184,-18.644252999999424
145,50.557869999999184,-18.644252999999424
146,50.557869999999184,-18.644252999999424
147,-28.189383000000475,106.78397000000038
148,-28.189383000000475,106.78397000000038
149,-28.189383000000475,106.78397000000038
150,-28.189383000000475,106.78397000000038
151,-28.189383000000475,106.78397000000038
152,-28.189383000000475,106.78397000000038
153,-28.189383000000475,106.78397000000038
154,-28.189383000000475,106.78397000000038
155,-28.189383000000475,106.78397000000038
156,-28.189383000000475,106.78397000000038
157,-35.2171479999995,-79.8842939999995
158,-35.2171479999995,-79.8842939999995
159,-35.2171479999995,-79.8842939999995
160,-35.2171479999995,-79.8842939999995
161,-35.2171479999995,-79.8842939999995
162,-35.2171479999995,-79.8842939999995
163,-35.2171479999995,-79.8842939999995
164,-35.2171479999995,-79.8842939999995
165,-35.2171479999995,-79.8842939999995
166,-35.2171479999995,-79.8842939999995
167,39.86275000000023,21.02464000000026
168,39.86275000000023,21.02464000000026
169,39.86275000000023,21.02464000000026
170,39.86275000000023,21.02464000000026
171,39.86275000000023,21.02464000000026
172,39.86275000000023,21.02464000000026
173,39.86275000000023,21.02464000000026
174,39.86275000000023,21.02464000000026
175,39.86275000000023,21.02464000000026
176,39.86275000000023,21.02464000000026
177,31.235198000000196,16.566199999999924
178,31.235198000000196,16.566199999999924
179,31.235198000000196,16.566199999999924
180,31.235198000000196,16.566199999999924
181,31.235198000000196,16.566199999999924
182,31.235198000000196,16.566199999999924
183,31.235198000000196,16.566199999999924
184,31.235198000000196,16.566199999999924
185,31.235198000000196,16.566199999999924
186,31.235198000000196,16.566199999999924
187,-5.61936100000014,-8.80199200000061
188,-5.61936100000014,-8.80199200000061
189,-5.61936100000014,-8.80199200000061
190,-5.61936100000014,-8.80199200000061
191,-5.61936100000014,-8.80199200000061
192,-5.61936100000014,-8.80199200000061
193,-5.61936100000014,-8.80199200000061
194,-5.61936100000014,-8.80199200000061
195,-5.61936100000014,-8.80199200000061
196,-5.61936100000014,-8.80199200000061
197,60.57416999999987,14.691226999999799
198,60.57416999999987,14.691226999999799
199,60.57416999999987,14.691226999999799
200,60.57416999999987,14.691226999999799
201,60.57416999999987,14.691226999999799
202,60.57416999999987,14.691226999999799
203,60.57416999999987,14.691226999999799
204,60.57416999999987,14.691226999999799
205,60.57416999999987,14.691226999999799
206,60.57416999999987,14.691226999999799
207,-48.267333000000576,-21.565445000000466
208,-48.267333000000576,-21.565445000000466
1,-48.267333000000576,-21.565445000000466
2,-48.267333000000576,-21.565445000000466
3,-48.267333000000576,-21.565445000000466
4,-48.267333000000576,-21.565445000000466
5,-48.267333000000576,-21.565445000000466
6,-48.267333000000576,-21.565445000000466
7,-48.267333000000576,-21.565445000000466
8,-48.267333000000576,-21.565445000000466
9,20.130305000000135,16.284978999999595
10,20.130305000000135,16.284978999999595
11,20.130305000000135,16.284978999999595
12,20.130305000000135,16.284978999999595
13,20.130305000000135,16.284978999999595
14,20.130305000000135,16.284978999999595
15,20.130305000000135,16.284978999999595
16,20.130305000000135,16.284978999999595
17,20.130305000000135,16.284978999999595
18,20.130305000000135,16.284978999999595
19,5.704599999999687,-0.5364169999995738
20,5.704599999999687,-0.5364169999995738
21,5.704599999999687,-0.5364169999995738
22,5.704599999999687,-0.5364169999995738
23,5.704599999999687,-0.5364169999995738
24,5.704599999999687,-0.5364169999995738
25,5.704599999999687,-0.5364169999995738
26,5.704599999999687,-0.5364169999995738
27,5.704599999999687,-0.5364169999995738
28,5.704599999999687,-0.5364169999995738
29,-3.700401000000511,-2.6865209999999706
30,-3.700401000000511,-2.6865209999999706
31,-3.700401000000511,-2.6865209999999706
32,-3.700401000000511,-2.6865209999999706
33,-3.700401000000511,-2.6865209999999706
34,-3.700401000000511,-2.6865209999999706
35,-3.700401000000511,-2.6865209999999706
36,-3.700401000000511,-2.6865209999999706
37,-3.700401000000511,-2.6865209999999706
38,-3.700401000000511,-2.6865209999999706
39,11.118898000000058,7.760605000000453
40,11.118898000000058,7.760605000000453
41,11.118898000000058,7.760605000000453
42,11.118898000000058,7.760605000000453
43,11.118898000000058,7.760605000000453
44,11.118898000000058,7.760605000000453
45,11.118898000000058,7.760605000000453
46,11.118898000000058,7.760605000000453
47,11.118898000000058,7.760605000000453
48,11.118898000000058,7.760605000000453
49,1.4283839999997099,-3.2410469999995826
50,1.4283839999997099,-3.2410469999995826
51,1.4283839999997099,-3.2410469999995826
52,1.4283839999997099,-3.2410469999995826
53,1.4283839999997099,-3.2410469999995826
54,1.4283839999997099,-3.2410469999995826
55,1.4283839999997099,-3.2410469999995826
56,1.4283839999997099,-3.2410469999995826
57,1.4283839999997099,-3.2410469999995826
58,1.4283839999997099,-3.2410469999995826
59,13.891057999999305,15.336678000000632
60,13.891057999999305,15.336678000000632
61,13.891057999999305,15.336678000000632
62,13.891057999999305,15.336678000000632
63,13.891057999999305,15.336678000000632
64,13.891057999999305,15.336678000000632
65,13.891057999999305,15.336678000000632
66,13.891057999999305,15.336678000000632
67,13.891057999999305,15.336678000000632
68,13.891057999999305,15.336678000000632
69,-8.450523000000544,-1.3602560000001063
70,-8.450523000000544,-1.3602560000001063
71,-8.450523000000544,-1.3602560000001063
72,-8.450523000000544,-1.3602560000001063
73,-8.450523000000544,-1.3602560000001063
74,-8.450523000000544,-1.3602560000001063
75,-8.450523000000544,-1.3602560000001063
76,-8.450523000000544,-1.3602560000001063
77,-8.450523000000544,-1.3602560000001063
78,-8.450523000000544,-1.3602560000001063
79,-6.872159999999212,-5.007087999999726
80,-6.872159999999212,-5.007087999999726
81,-6.872159999999212,-5.007087999999726
82,-6.872159999999212,-5.007087999999726
83,-6.872159999999212,-5.007087999999726
84,-6.872159999999212,-5.007087999999726
85,-6.872159999999212,-5.007087999999726
86,-6.872159999999212,-5.007087999999726
87,-6.872159999999212,-5.007087999999726
88,-6.872159999999212,-5.007087999999726
89,-13.011082999999417,-5.317851999999732
90,-13.011082999999417,-5.317851999999732
91,-13.011082999999417,-5.317851999999732
92,-13.011082999999417,-5.317851999999732
93,-13.011082999999417,-5.317851999999732
94,-13.011082999999417,-5.317851999999732
95,-13.011082999999417,-5.317851999999732
96,-13.011082999999417,-5.317851999999732
97,-13.011082999999417,-5.317851999999732
98,-13.011082999999417,-5.317851999999732
99,-5.403321999999321,-5.278347999999426
100,-5.403321999999321,-5.278347999999426
101,-5.403321999999321,-5.278347999999426
102,-5.403321999999321,-5.278347999999426
103,-5.403321999999321,-5.278347999999426
104,-5.403321999999321,-5.278347999999426
105,-5.403321999999321,-5.278347999999426
106,-5.403321999999321,-5.278347999999426
107,-5.403321999999321,-5.278347999999426
108,-5.403321999999321,-5.278347999999426
109,-9.100757000000499,-6.332227000000046
110,-9.100757000000499,-6.332227000000046
111,-9.100757000000499,-6.332227000000046
112,-9.100757000000499,-6.332227000000046
113,-9.100757000000499,-6.332227000000046
114,-9.100757000000499,-6.332227000000046
115,-9.100757000000499,-6.332227000000046
116,-9.100757000000499,-6.332227000000046
117,-9.100757000000499,-6.332227000000046
118,-9.100757000000499,-6.332227000000046
119,-18.43331699999976,-6.021802999999295
120,-18.43331699999976,-6.021802999999295
121,-18.43331699999976,-6.021802999999295
122,-18.43331699999976,-6.021802999999295
123,-18.43331699999976,-6.021802999999295
124,-18.43331699999976,-6.021802999999295
125,-18.43331699999976,-6.021802999999295
126,-18.43331699999976,-6.021802999999295
127,-18.43331699999976,-6.021802999999295
128,-18.43331699999976,-6.021802999999295
129,-14.993106000000466,-12.529916999999443
130,-14.993106000000466,-12.529916999999443
131,-14.993106000000466,-12.529916999999443
132,-14.993106000000466,-12.529916999999443
133,-14.993106000000466,-12.529916999999443
134,-14.993106000000466,-12.529916999999443
135,-14.993106000000466,-12.529916999999443
136,-14.993106000000466,-12.529916999999443
137,-14.993106000000466,-12.529916999999443
138,-14.993106000000466,-12.529916999999443
139,-20.432199000000082,-25.37260599999962
140,-20.432199000000082,-25.37260599999962
141,-20.432199000000082,-25.37260599999962
142,-20.432199000000082,-25.37260599999962
143,-20.432199000000082,-25.37260599999962
144,-20.432199000000082,-25.37260599999962
145,-20.432199000000082,-25.37260599999962
146,-20.432199000000082,-25.37260599999962
147,-20.432199000000082,-25.37260599999962
148,-20.432199000000082,-25.37260599999962
149,-2.8602060000002894,3.078316000000342
150,-2.8602060000002894,3.078316000000342
151,-2.8602060000002894,3.078316000000342
152,-2.8602060000002894,3.078316000000342
153,-2.8602060000002894,3.078316000000342
154,-2.8602060000002894,3.078316000000342
155,-2.8602060000002894,3.078316000000342
156,-2.8602060000002894,3.078316000000342
157,-2.8602060000002894,3.078316000000342
158,-2.8602060000002894,3.078316000000342
159,0.5169989999997142,3.7614799999999775
160,0.5169989999997142,3.7614799999999775
161,0.5169989999997142,3.7614799999999775
162,0.5169989999997142,3.7614799999999775
163,0.5169989999997142,3.7614799999999775
164,0.5169989999997142,3.7614799999999775
165,0.5169989999997142,3.7614799999999775
166,0.5169989999997142,3.7614799999999775
167,0.5169989999997142,3.7614799999999775
168,0.5169989999997142,3.7614799999999775
169,0.4479789999997479,4.411280000000147
170,0.4479789999997479,4.411280000000147
171,0.4479789999997479,4.411280000000147
172,0.4479789999997479,4.411280000000147
173,0.4479789999997479,4.411280000000147
174,0.4479789999997479,4.411280000000147
175,0.4479789999997479,4.411280000000147
176,0.4479789999997479,4.411280000000147
177,0.4479789999997479,4.411280000000147
178,0.4479789999997479,4.411280000000147
179,-4.761567000000184,2.9821760000003223
180,-4.761567000000184,2.9821760000003223
181,-4.761567000000184,2.9821760000003223
182,-4.761567000000184,2.9821760000003223
183,-4.761567000000184,2.9821760000003223
184,-4.761567000000184,2.9821760000003223
185,-4.761567000000184,2.9821760000003223
186,-4.761567000000184,2.9821760000003223
187,-4.761567000000184,2.9821760000003223
188,-4.761567000000184,2.9821760000003223
189,-105.7990120000004,0.5924700000011853
190,-105.7990120000004,0.5924700000011853
191,-105.7990120000004,0.5924700000011853
192,-105.7990120000004,0.5924700000011853
193,-105.7990120000004,0.5924700000011853
194,-105.7990120000004,0.5924700000011853
195,-105.7990120000004,0.5924700000011853
196,-105.7990120000004,0.5924700000011853
197,-105.7990120000004,0.5924700000011853
198,-105.7990120000004,0.5924700000011853
199,97.64994499999966,-10.07944899999984
200,97.64994499999966,-10.07944899999984
201,97.64994499999966,-10.07944899999984
202,97.64994499999966,-10.07944899999984
203,97.64994499999966,-10.07944899999984
204,97.64994499999966,-10.07944899999984
205,97.64994499999966,-10.07944899999984
206,97.64994499999966,-10.07944899999984
207,97.64994499999966,-10.07944899999984
208,97.64994499999966,-10.07944899999984
